model,model_display,avg_gen_token_f1,std_gen_token_f1,avg_gen_rouge_l_f1,std_gen_rouge_l_f1,avg_gen_bleu,std_gen_bleu,avg_gen_meteor,std_gen_meteor,avg_gen_length_ratio,std_gen_length_ratio,avg_gen_semantic_similarity,std_gen_semantic_similarity,avg_gen_bertscore_f1,std_gen_bertscore_f1
Advanced,"Advanced RAG (CORTEX pipeline; pruning=off, critic=off)",0.22959546953513574,0.12581605746509628,0.18452364357859255,0.11953146378398963,0.04206406881651297,0.07920539742769252,0.36504520650280725,0.18452011095581164,5.013910909342484,14.907190670978794,0.6880912953565457,0.14725129975139345,0.5805751261599404,0.13971775474933815
Cortex_Pruner_Only,"Cortex Pruner Only (pruning=on, critic=off)",0.23948550906143892,0.13193694255736557,0.1929433855834811,0.12740698694099092,0.04449923543483737,0.0842433292381604,0.3791964008498931,0.18755571638175644,5.12061882440037,15.432085925868488,0.6918654870731048,0.14275626634350458,0.579137192384071,0.15647879343626958
Cortex_Critic_Only,"Cortex Critic Only (pruning=off, critic=on)",0.22247800676407478,0.11972181732541247,0.18005285831015908,0.11381213650191128,0.03825841682716209,0.07314308064670214,0.3645353590640844,0.17751073914841053,5.006682721017346,12.235516521698756,0.6825346079329221,0.1382713332406384,0.5796294027576888,0.14007654737088318
Cortex,"Cortex Main (CORTEX pipeline; pruning=on, critic=on)",0.2270670039779386,0.12696660135377769,0.18609233232203345,0.12412127588148084,0.041314007483679645,0.07868387175326967,0.3696877023163711,0.18219988399078274,5.135282520871454,12.275222204685996,0.6872271703594872,0.14350767384925533,0.5845955696949632,0.1288979522119202
Judge,Judge,0.21724707308809127,0.12007066692234822,0.17542249746950606,0.1129527936503348,0.03886414588279554,0.0782597931107299,0.3505953638686143,0.17290368669793083,4.136399114802314,5.455565014092906,0.7111867775934521,0.12061352249816165,0.595000979790817,0.11434544642665706
