model,model_display,avg_retrieval_token_recall,std_retrieval_token_recall,avg_retrieval_rouge_l_f1,std_retrieval_rouge_l_f1,avg_retrieval_exact_containment,std_retrieval_exact_containment,avg_retrieval_substring_containment,std_retrieval_substring_containment
Naive,Naive (Neo4j full-text lexical baseline),0.823627693338215,0.1584282149995466,0.022040808945421767,0.012176890873892893,0.065,0.247144496216384,0.311214545989253,0.2613000845571865
BM25,BM25 (rank_bm25 lexical baseline),0.8276220832593921,0.16181638039715618,0.01922429257720606,0.01064153456966822,0.07,0.25578728599833095,0.3169691320194826,0.27114859707737005
Dense,Dense Embedding (all-MiniLM-L6-v2 semantic retrieval baseline),0.8082562052430788,0.1711365845457937,0.0302291643510226,0.017467747490949075,0.06,0.23808279460185094,0.30656650426842513,0.2569742493819616
Dense_Legal,Dense Legal (InLegalBERT domain-adapted semantic baseline),0.8082562052430788,0.1711365845457937,0.0302291643510226,0.017467747490949075,0.06,0.23808279460185094,0.30656650426842513,0.2569742493819616
Advanced,"Advanced RAG (CORTEX pipeline; pruning=off, critic=off)",0.8230652959654727,0.15893598231753367,0.02348269465400118,0.014031384067842587,0.065,0.247144496216384,0.311214545989253,0.2613000845571865
Cortex_Pruner_Only,"Cortex Pruner Only (pruning=on, critic=off)",0.8230652959654727,0.15893598231753367,0.02338086653053522,0.014032850668595024,0.065,0.247144496216384,0.311214545989253,0.2613000845571865
Cortex_Critic_Only,"Cortex Critic Only (pruning=off, critic=on)",0.8273519798023027,0.15489107894809837,0.022292235888282236,0.012820358282457249,0.065,0.247144496216384,0.3116526412273483,0.26093022558816475
Cortex,"Cortex Main (CORTEX pipeline; pruning=on, critic=on)",0.8263509219524555,0.15636950241300807,0.022420513384755,0.013001000464204736,0.065,0.247144496216384,0.3114526412273483,0.2611239347808454
Judge,Judge,0.5168751214192422,0.3986537947228417,0.013684010987491084,0.012687754909940514,0.035,0.1842409390393201,0.18662088964072993,0.24199067232682722
