model,model_display,avg_doc_accuracy,std_doc_accuracy,avg_article_accuracy,std_article_accuracy,avg_doc_hit,std_doc_hit,avg_article_hit,std_article_hit,avg_paragraph_hit,std_paragraph_hit
Naive,Naive (Neo4j full-text lexical baseline),0.8889999999999999,0.20119991807944623,0.17099999999999999,0.073388893221258,1.0,0.0,0.85,0.3579674615346874,0.0,0.0
BM25,BM25 (rank_bm25 lexical baseline),0.877,0.18774247303395286,0.16299999999999998,0.08039475469776977,1.0,0.0,0.81,0.3932853503935417,0.0,0.0
Dense,Dense Embedding (all-MiniLM-L6-v2 semantic retrieval baseline),0.9069999999999999,0.19937339025988043,0.16899999999999998,0.07256257046967005,0.995,0.07071067811865475,0.845,0.3628128523483501,0.0,0.0
Dense_Legal,Dense Legal (InLegalBERT domain-adapted semantic baseline),0.9069999999999999,0.19937339025988043,0.16899999999999998,0.07256257046967005,0.995,0.07071067811865475,0.845,0.3628128523483501,0.0,0.0
Advanced,"Advanced RAG (CORTEX pipeline; pruning=off, critic=off)",0.9030000000000001,0.18912918665883158,0.209,0.1303994635744431,1.0,0.0,0.85,0.3579674615346874,0.055,0.22855235921889455
Cortex_Pruner_Only,"Cortex Pruner Only (pruning=on, critic=off)",0.9030000000000001,0.18912918665883158,0.21,0.13224007405446223,1.0,0.0,0.85,0.3579674615346874,0.055,0.22855235921889455
Cortex_Critic_Only,"Cortex Critic Only (pruning=off, critic=on)",0.9225842284506924,0.15041199250058504,0.2369841125972355,0.17648581703227853,1.0,0.0,0.875,0.3315488246330816,0.84,0.3675260220507142
Cortex,"Cortex Main (CORTEX pipeline; pruning=on, critic=on)",0.9208312459595694,0.15558359876520989,0.2527852034471807,0.18765254361262612,1.0,0.0,0.885,0.3198225010233083,0.725,0.4476347667709811
Judge,Judge,0.68,0.4676467334823194,0.09449999999999999,0.13351001461586956,0.68,0.4676467334823194,0.435,0.4970010565896779,0.315,0.4656815397698433
