model,model_display,avg_id_precision,std_id_precision,avg_id_recall,std_id_recall,avg_id_f1,std_id_f1,avg_id_hit_at_5,std_id_hit_at_5,avg_id_mrr,std_id_mrr,avg_id_map,std_id_map
Judge,Judge,0.077875,0.09975634808310371,0.26116605616605615,0.3410072641773122,0.11381716109416676,0.1421830340614377,0.4,0.49112730544203487,0.30086507936507934,0.4003847247775508,0.15620240130240132,0.2468222224628922
