model,model_display,avg_gen_token_f1,std_gen_token_f1,avg_gen_rouge_l_f1,std_gen_rouge_l_f1,avg_gen_bleu,std_gen_bleu,avg_gen_meteor,std_gen_meteor,avg_gen_length_ratio,std_gen_length_ratio,avg_gen_semantic_similarity,std_gen_semantic_similarity,avg_gen_bertscore_f1,std_gen_bertscore_f1
Advanced,"Advanced RAG (CORTEX pipeline; pruning=off, critic=off)",0.20812758546439883,0.13032621437733796,0.17032603257747592,0.12523924113216578,0.03831340455956802,0.07446593216320332,0.3648375509967201,0.1835424286082102,7.598197418251409,23.761647447788732,0.7972417517001462,0.08676510848457016,0.7281817658166861,0.06686812256866109
Cortex_Pruner_Only,"Cortex Pruner Only (pruning=on, critic=off)",0.20272701505703966,0.11891834315855357,0.1635269135827049,0.1121029573357843,0.0341809548801618,0.06425087504338015,0.3647369947922667,0.17427294053433484,7.95217462122477,24.74469556432737,0.796578290789751,0.08577169267137438,0.7261223419258492,0.06357490524950167
Cortex_Critic_Only,"Cortex Critic Only (pruning=off, critic=on)",0.20350101067805226,0.12716113878500446,0.1653087722644773,0.11986851814957467,0.03629894047350319,0.07387843194717197,0.3632953599210779,0.1814410359171495,8.432425011625162,29.731251246342918,0.7965295331055134,0.08897053996508392,0.7250796696405558,0.06614311493528044
Cortex,"Cortex Main (CORTEX pipeline; pruning=on, critic=on)",0.20777145739895148,0.12979223178494978,0.16863966441364625,0.12409272942750844,0.03803898478427881,0.0771712772935764,0.36650393378894736,0.17882580550228075,7.8271700263862405,25.196566740523657,0.7971089555496733,0.08764347829148457,0.7224074790943829,0.062193161701726424
