model,model_display,avg_doc_accuracy,std_doc_accuracy,avg_article_accuracy,std_article_accuracy,avg_doc_hit,std_doc_hit,avg_article_hit,std_article_hit,avg_paragraph_hit,std_paragraph_hit
Advanced,"Advanced RAG (CORTEX pipeline; pruning=off, critic=off)",0.9030000000000001,0.18912918665883158,0.209,0.1303994635744431,1.0,0.0,0.85,0.3579674615346874,0.055,0.22855235921889455
Cortex_Pruner_Only,"Cortex Pruner Only (pruning=on, critic=off)",0.9030000000000001,0.18912918665883158,0.209,0.1303994635744431,1.0,0.0,0.85,0.3579674615346874,0.055,0.22855235921889455
Cortex_Critic_Only,"Cortex Critic Only (pruning=off, critic=on)",0.9225842284506924,0.15041199250058504,0.2369841125972355,0.17648581703227853,1.0,0.0,0.875,0.3315488246330816,0.84,0.3675260220507142
Cortex,"Cortex Main (CORTEX pipeline; pruning=on, critic=on)",0.9269264419525175,0.12879191086953856,0.2651589052649199,0.19561516383106525,1.0,0.0,0.88,0.3257769992899002,0.81,0.3932853503935417
