model,model_display,avg_id_precision,std_id_precision,avg_id_recall,std_id_recall,avg_id_f1,std_id_f1,avg_id_hit_at_5,std_id_hit_at_5,avg_id_mrr,std_id_mrr,avg_id_map,std_id_map
Advanced,"Advanced RAG (CORTEX pipeline; pruning=off, critic=off)",0.18800000000000006,0.12301080558819735,0.41681168831168836,0.32753797470469515,0.23978525158416467,0.147873363545357,0.805,0.39719493840616527,0.67375,0.4152133364192057,0.3414128787878788,0.3037415488611325
Cortex_Pruner_Only,"Cortex Pruner Only (pruning=on, critic=off)",0.18800000000000006,0.12301080558819735,0.41681168831168836,0.32753797470469515,0.23978525158416467,0.147873363545357,0.805,0.39719493840616527,0.6755833333333334,0.4113170057625635,0.3438656204906205,0.3057617225378213
Cortex_Critic_Only,"Cortex Critic Only (pruning=off, critic=on)",0.07786195452032357,0.07100665408876077,0.513032523032523,0.3424346179740445,0.1281190224685359,0.10375746240321228,0.805,0.39719493840616527,0.6764543506062902,0.4111085699558263,0.3594547248260973,0.30344348604572363
Cortex,"Cortex Main (CORTEX pipeline; pruning=on, critic=on)",0.07431744871230632,0.06514921424050447,0.5152641247641248,0.35033745654117293,0.12290729862321305,0.09819993467160712,0.775,0.4186302142480964,0.5799450406974384,0.4034690379887576,0.3185670386412083,0.295862528599657
