model_a,model_b,metric,mean_diff,ci_lower,ci_upper,p_value,significant_at_005
Cortex_Critic_Only,Advanced,id_f1,-0.11166622911562876,-0.12841634985481787,-0.094036262703065,0.0,True
Cortex_Critic_Only,Advanced,id_recall,0.09622083472083465,0.07143074633699634,0.12302680375180375,0.0,True
Cortex_Critic_Only,Advanced,mcq_accuracy,0.0050000000000000044,0.0,0.015,0.7382,False
Cortex_Critic_Only,Advanced,retrieval_token_recall,0.004286683836829952,0.002162546363616543,0.006797492399830829,0.0,True
Cortex_Critic_Only,Advanced,doc_accuracy,0.019584228450692298,0.0007652670190681852,0.03932424570423176,0.042,True
Cortex_Critic_Only,Advanced,gen_token_f1,-0.004626574786346566,-0.011844196471804836,0.002209555454446097,0.1842,False
Cortex_Critic_Only,Advanced,gen_semantic_similarity,-0.0007122185946327741,-0.004686940710237005,0.0028809824108183783,0.7522,False
Cortex_Critic_Only,Advanced,gen_bertscore_f1,-0.003102096176130331,-0.0073882186527654435,0.0012569003073953917,0.1682,False
