model,model_display,avg_id_precision,avg_id_recall,avg_id_f1,avg_id_hit_at_5,avg_id_mrr,avg_id_map,avg_doc_accuracy,avg_article_accuracy,avg_retrieval_token_recall,avg_retrieval_rouge_l_f1,avg_mcq_accuracy,avg_mcq_mrr,avg_gen_token_f1,avg_gen_rouge_l_f1,avg_gen_bleu,avg_gen_meteor,avg_gen_semantic_similarity,avg_gen_bertscore_f1,avg_Context_Tokens,avg_Token_Efficiency_Ratio
Advanced,"Advanced RAG (CORTEX pipeline; pruning=off, critic=off)",0.18800000000000006,0.41681168831168836,0.23978525158416467,0.805,0.67375,0.3414128787878788,0.9030000000000001,0.209,0.8230652959654727,0.02348269465400118,0.94,0.9634166666666667,0.20812758546439883,0.17032603257747592,0.03831340455956802,0.3648375509967201,0.7972417517001462,0.7281817658166861,2546.195,
Cortex_Pruner_Only,"Cortex Pruner Only (pruning=on, critic=off)",0.18800000000000006,0.41681168831168836,0.23978525158416467,0.805,0.6755833333333334,0.3438656204906205,0.9030000000000001,0.209,0.8230652959654727,0.023457248077770103,0.94,0.9634166666666667,0.20272701505703966,0.1635269135827049,0.0341809548801618,0.3647369947922667,0.796578290789751,0.7261223419258492,2546.195,
Cortex_Critic_Only,"Cortex Critic Only (pruning=off, critic=on)",0.07786195452032357,0.513032523032523,0.1281190224685359,0.805,0.6764543506062902,0.3594547248260973,0.9225842284506924,0.2369841125972355,0.8273519798023027,0.022292235888282236,0.945,0.9659166666666666,0.20350101067805226,0.1653087722644773,0.03629894047350319,0.3632953599210779,0.7965295331055134,0.7250796696405558,2637.415,
Cortex,"Cortex Main (CORTEX pipeline; pruning=on, critic=on)",0.07431744871230632,0.5152641247641248,0.12290729862321305,0.775,0.5799450406974384,0.3185670386412083,0.9269264419525175,0.2651589052649199,0.8266423070875907,0.02243718228652982,0.94,0.9634166666666667,0.20777145739895148,0.16863966441364625,0.03803898478427881,0.36650393378894736,0.7971089555496733,0.7224074790943829,2626.96,
