model,model_display,avg_gen_token_f1,std_gen_token_f1,avg_gen_rouge_l_f1,std_gen_rouge_l_f1,avg_gen_bleu,std_gen_bleu,avg_gen_meteor,std_gen_meteor,avg_gen_length_ratio,std_gen_length_ratio,avg_gen_semantic_similarity,std_gen_semantic_similarity,avg_gen_bertscore_f1,std_gen_bertscore_f1
Advanced,"Advanced RAG (CORTEX pipeline; pruning=off, critic=off)",0.2366456498286338,0.12993265620116176,0.1922966996957292,0.12673227091969735,0.0461976401837316,0.08771414053838003,0.37049385903641247,0.18338482225644606,4.898034046182582,14.26788771822005,0.6891218184036514,0.14446598508053649,0.5859884777906672,0.13501066767551814
Cortex_Pruner_Only,"Cortex Pruner Only (pruning=on, critic=off)",0.20371298584918915,0.13163721884039775,0.1659828974801042,0.11993175799162582,0.031145408834567626,0.06283688690040942,0.32103978416576767,0.20150355081280819,3.9359176038523804,10.603687185507562,0.6403893303339783,0.2180929673888751,0.5392746170868078,0.16849133103977662
Cortex_Critic_Only,"Cortex Critic Only (pruning=off, critic=on)",0.2304086209578384,0.12840082204580786,0.18805039720504432,0.12426940485247305,0.04046873578309336,0.0830586505158505,0.3710646497707352,0.18369197439476567,5.2513452217238115,14.889233923257738,0.6904640917572843,0.14562660999776386,0.5797086253339814,0.1331877150396821
Cortex,"Cortex Main (CORTEX pipeline; pruning=on, critic=on)",0.20726020246700713,0.13504914987395064,0.1671382990683292,0.12086339538030967,0.03541271141196387,0.06569027223591986,0.3297218891797425,0.2043599863545912,3.801168800591707,9.234417209743622,0.6354492771150849,0.2139217277101325,0.5325130630513314,0.16695378683394918
Judge,Judge,0.1879728306799638,0.09969846075371064,0.1523453048359952,0.09315490759758899,0.024855036458775293,0.05211231791073907,0.316483438217675,0.16468176521073377,5.488081583226839,14.920966045195529,0.6772008470946076,0.14212145521313138,0.5752540937668487,0.12818466550338423
