model,model_display,avg_retrieval_token_recall,std_retrieval_token_recall,avg_retrieval_rouge_l_f1,std_retrieval_rouge_l_f1,avg_retrieval_exact_containment,std_retrieval_exact_containment,avg_retrieval_substring_containment,std_retrieval_substring_containment
Naive,Naive (Neo4j full-text lexical baseline),0.823627693338215,0.1584282149995466,0.022040808945421767,0.012176890873892893,0.065,0.247144496216384,0.311214545989253,0.2613000845571865
BM25,BM25 (rank_bm25 lexical baseline),0.8276220832593921,0.16181638039715618,0.01922429257720606,0.01064153456966822,0.07,0.25578728599833095,0.3169691320194826,0.27114859707737005
Dense,Dense Embedding (all-MiniLM-L6-v2 semantic retrieval baseline),0.7701217160387334,0.20853505491578,0.025636518580419567,0.014344794050928983,0.06,0.23808279460185094,0.29703628670529225,0.2625973574403519
Dense_Legal,Dense Legal (InLegalBERT domain-adapted semantic baseline),0.5921247392645792,0.2525823635887949,0.030637021700107146,0.017497044428869818,0.015,0.12185748327926268,0.18990607611537672,0.18664467775613638
Advanced,"Advanced RAG (CORTEX pipeline; pruning=off, critic=off)",0.8230652959654727,0.15893598231753367,0.02348269465400118,0.014031384067842587,0.065,0.247144496216384,0.311214545989253,0.2613000845571865
Cortex_Pruner_Only,"Cortex Pruner Only (pruning=on, critic=off)",0.6811305533056617,0.32752727994637415,0.03794768402973787,0.0528080367080168,0.06,0.23808279460185094,0.2649812879142207,0.26582235303253876
Cortex_Critic_Only,"Cortex Critic Only (pruning=off, critic=on)",0.8273519798023027,0.15489107894809837,0.022292235888282236,0.012820358282457249,0.065,0.247144496216384,0.3116526412273483,0.26093022558816475
Cortex,"Cortex Main (CORTEX pipeline; pruning=on, critic=on)",0.6825505112138467,0.3269850803457562,0.0372769013514333,0.0524072181327452,0.06,0.23808279460185094,0.26521938315231597,0.26569084471829335
Judge,Judge,0.7498716457977699,0.21134869678492335,0.023053067984151392,0.013571025054479342,0.05,0.21849186132974532,0.2712008367023596,0.24570715346495245
