model,model_display,avg_doc_accuracy,std_doc_accuracy,avg_article_accuracy,std_article_accuracy,avg_doc_hit,std_doc_hit,avg_article_hit,std_article_hit,avg_paragraph_hit,std_paragraph_hit
Naive,Naive (Neo4j full-text lexical baseline),0.8889999999999999,0.20119991807944623,0.17099999999999999,0.073388893221258,1.0,0.0,0.85,0.3579674615346874,0.0,0.0
BM25,BM25 (rank_bm25 lexical baseline),0.877,0.18774247303395286,0.16299999999999998,0.08039475469776977,1.0,0.0,0.81,0.3932853503935417,0.0,0.0
Dense,Dense Embedding (all-MiniLM-L6-v2 semantic retrieval baseline),0.9229999999999999,0.20902020772207863,0.14799999999999996,0.08794699180093753,0.98,0.1403513179927839,0.74,0.4397349590046876,0.0,0.0
Dense_Legal,Dense Legal (InLegalBERT domain-adapted semantic baseline),0.78,0.26065244770088447,0.076,0.10136753368027711,0.98,0.1403513179927839,0.37,0.48401586418620574,0.0,0.0
Advanced,"Advanced RAG (CORTEX pipeline; pruning=off, critic=off)",0.9030000000000001,0.18912918665883158,0.209,0.1303994635744431,1.0,0.0,0.85,0.3579674615346874,0.055,0.22855235921889455
Cortex_Pruner_Only,"Cortex Pruner Only (pruning=on, critic=off)",0.8673333333333333,0.3236052837580971,0.2841666666666667,0.2905680433702733,0.885,0.3198225010233083,0.73,0.4450735357907798,0.05,0.21849186132974535
Cortex_Critic_Only,"Cortex Critic Only (pruning=off, critic=on)",0.9225842284506924,0.15041199250058504,0.2369841125972355,0.17648581703227853,1.0,0.0,0.875,0.3315488246330816,0.84,0.3675260220507142
Cortex,"Cortex Main (CORTEX pipeline; pruning=on, critic=on)",0.8695724789915965,0.32328528638327403,0.24630175019339107,0.2754758720243823,0.885,0.3198225010233083,0.765,0.4250628094291466,0.095,0.2939507359675757
Judge,Judge,1.0,0.0,0.1505138888888889,0.17762833034349185,1.0,0.0,0.575,0.4955835096887071,0.58,0.49479704991341156
