model,model_display,avg_id_precision,avg_id_recall,avg_id_f1,avg_id_hit_at_5,avg_id_mrr,avg_id_map,avg_doc_accuracy,avg_article_accuracy,avg_retrieval_token_recall,avg_retrieval_rouge_l_f1,avg_mcq_accuracy,avg_mcq_mrr,avg_Context_Tokens,avg_Token_Efficiency_Ratio
Naive,Naive (Neo4j full-text lexical baseline),0.18800000000000006,0.41681168831168836,0.23978525158416467,0.805,0.6745833333333333,0.3420795454545454,0.8889999999999999,0.17099999999999999,0.823627693338215,0.022040808945421767,0.935,0.9609166666666666,2669.17,
BM25,BM25 (rank_bm25 lexical baseline),0.18600000000000003,0.40487373737373744,0.23520750988142297,0.785,0.6286666666666667,0.3170399771524771,0.877,0.16299999999999998,0.8276220832593921,0.01922429257720606,0.92,0.9500833333333334,3064.715,1.2149231054543135
Dense,Dense Embedding (BAAI/bge-small-en-v1.5 semantic retrieval baseline),0.185,0.3924445554445555,0.2312443064182195,0.785,0.6485833333333333,0.3100276445776446,0.9280000000000002,0.16399999999999998,0.813177642135034,0.02518589162018696,0.895,0.9360833333333332,2292.205,0.9546406198846634
