model,model_display,avg_retrieval_token_recall,std_retrieval_token_recall,avg_retrieval_rouge_l_f1,std_retrieval_rouge_l_f1,avg_retrieval_exact_containment,std_retrieval_exact_containment,avg_retrieval_substring_containment,std_retrieval_substring_containment
Naive,Naive (Neo4j full-text lexical baseline),0.823627693338215,0.1584282149995466,0.022040808945421767,0.012176890873892893,0.065,0.247144496216384,0.311214545989253,0.2613000845571865
BM25,BM25 (rank_bm25 lexical baseline),0.8276220832593921,0.16181638039715618,0.01922429257720606,0.01064153456966822,0.07,0.25578728599833095,0.3169691320194826,0.27114859707737005
Dense,Dense Embedding (BAAI/bge-small-en-v1.5 semantic retrieval baseline),0.813177642135034,0.16992013931669034,0.02518589162018696,0.013955418838937873,0.07,0.25578728599833095,0.31106543839640266,0.2641486660635703
Dense_Legal,Dense Legal (InLegalBERT domain-adapted semantic baseline),0.5921247392645792,0.2525823635887949,0.030637021700107146,0.017497044428869818,0.015,0.12185748327926268,0.18990607611537672,0.18664467775613638
