model,model_display,avg_id_precision,std_id_precision,avg_id_recall,std_id_recall,avg_id_f1,std_id_f1,avg_id_hit_at_5,std_id_hit_at_5,avg_id_mrr,std_id_mrr,avg_id_map,std_id_map
Naive,Naive (Neo4j full-text lexical baseline),0.18800000000000006,0.12301080558819735,0.41681168831168836,0.32753797470469515,0.23978525158416467,0.147873363545357,0.805,0.39719493840616527,0.6745833333333333,0.4146936115462674,0.3420795454545454,0.30387461603156013
BM25,BM25 (rank_bm25 lexical baseline),0.18600000000000003,0.1244243024299348,0.40487373737373744,0.32247411278576527,0.23520750988142297,0.14674639300431272,0.785,0.41185326947578,0.6286666666666667,0.41946018325676643,0.3170399771524771,0.29061956335210315
Dense,Dense Embedding (BAAI/bge-small-en-v1.5 semantic retrieval baseline),0.185,0.1282859557089583,0.3924445554445555,0.3226027187442264,0.2312443064182195,0.14785924567917816,0.785,0.41185326947578,0.6485833333333333,0.42199367786034886,0.3100276445776446,0.28445426767715476
Dense_Legal,Dense Legal (InLegalBERT domain-adapted semantic baseline),0.08800000000000001,0.11278119519649431,0.1748867798867799,0.26928195022497614,0.10860299422799426,0.14106853814526935,0.41,0.49306751859096054,0.25550000000000006,0.3779780687229232,0.10369696137196137,0.1832042622303827
