model,model_display,avg_gen_token_f1,std_gen_token_f1,avg_gen_rouge_l_f1,std_gen_rouge_l_f1,avg_gen_bleu,std_gen_bleu,avg_gen_meteor,std_gen_meteor,avg_gen_length_ratio,std_gen_length_ratio,avg_gen_semantic_similarity,std_gen_semantic_similarity,avg_gen_bertscore_f1,std_gen_bertscore_f1
Advanced,"Advanced RAG (CORTEX pipeline; pruning=off, critic=off)",0.08575753011239748,0.04443906411395949,0.06230528695616297,0.032258450885613466,0.006312905205043923,0.011621084802265426,0.22872303950483258,0.10068916858425359,14.219307928033977,29.732640071886426,0.7277201738671382,0.092017552341583,0.6591021293146013,0.05406704852497537
Cortex,"Cortex Main (CORTEX pipeline; pruning=on, critic=on)",0.11265635831179434,0.07202985307302585,0.09143897721484896,0.06028366042901952,0.010540961152262482,0.02375385723893757,0.22195627558864686,0.13816214110308786,7.034960403274701,13.025768331547921,0.724361066713245,0.09223658684972322,0.6561105718208676,0.05762121945493719
