model,model_display,avg_id_precision,avg_id_recall,avg_id_f1,avg_id_hit_at_5,avg_id_mrr,avg_id_map,avg_doc_accuracy,avg_article_accuracy,avg_retrieval_token_recall,avg_retrieval_rouge_l_f1,avg_mcq_accuracy,avg_mcq_mrr,avg_gen_token_f1,avg_gen_rouge_l_f1,avg_gen_bleu,avg_gen_meteor,avg_gen_semantic_similarity,avg_gen_bertscore_f1,avg_Context_Tokens,avg_Token_Efficiency_Ratio
Advanced,"Advanced RAG (CORTEX pipeline; pruning=off, critic=off)",0.18800000000000006,0.41681168831168836,0.23978525158416467,0.805,0.67375,0.3414128787878788,0.9030000000000001,0.209,0.8230652959654727,0.02348269465400118,0.94,0.9634166666666667,0.08575753011239748,0.06230528695616297,0.006312905205043923,0.22872303950483258,0.7277201738671382,0.6591021293146013,2546.195,
Cortex,"Cortex Main (CORTEX pipeline; pruning=on, critic=on)",0.07431744871230632,0.5152641247641248,0.12290729862321305,0.775,0.5799450406974384,0.3185670386412083,0.9269264419525175,0.2651589052649199,0.8266423070875907,0.02243718228652982,0.94,0.9634166666666667,0.11265635831179434,0.09143897721484896,0.010540961152262482,0.22195627558864686,0.724361066713245,0.6561105718208676,2626.96,
