model,model_display,avg_id_precision,std_id_precision,avg_id_recall,std_id_recall,avg_id_f1,std_id_f1,avg_id_hit_at_5,std_id_hit_at_5,avg_id_mrr,std_id_mrr,avg_id_map,std_id_map
Judge,Judge,0.07711111111111112,0.09641916884160903,0.2698904428904429,0.343309531904258,0.11416502788166202,0.13947397220853533,0.43,0.4963181019179708,0.294234126984127,0.3948639125395826,0.15297602813852812,0.22956769194864937
