model,avg_Precision,avg_Recall,avg_Faithfulness,avg_EM,avg_F1,avg_Token_Efficiency_Ratio,avg_Context_Tokens
Naive,0.0,0.0,,0.0,0.0,,2469.3333333333335
Challenger,0.174732905982906,0.4166666666666667,,0.0,0.09849955546551574,0.007783308745297336,19.666666666666668
Cortex,0.174732905982906,0.4166666666666667,,0.0,0.09849955546551574,0.007783308745297336,19.666666666666668
